image,text
data/raw/newspaper/بنگلہ دیش کو اپنے چاروں گروپ میچز بھارت میں کھیلنے ہیں۔.png,بنگلہ دیش کو اپنے چاروں گروپ میچز بھارت میں کھیلنے ہیں۔
data/raw/newspaper/بنگلہ دیش.png,بنگلہ دیش
data/raw/newspaper/تجارتی جہاز.png,تجارتی جہاز
data/raw/newspaper/ترجمان.png,ترجمان
data/raw/newspaper/خطرناک.png,خطرناک
data/raw/newspaper/سسٹم میں خرابی.png,سسٹم میں خرابی
data/raw/newspaper/عبوری حکومت.png,عبوری حکومت
data/raw/newspaper/ناقابلِ قبول.png,ناقابلِ قبول
data/raw/newspaper/نماز جنازہ.png,نماز جنازہ
data/raw/newspaper/پاکستان ایئر پورٹ.png,پاکستان ایئر پورٹ
data/raw/newspaper/کلو میٹر.png,کلو میٹر
data/raw/other/ءقومی.png,ءقومی
data/raw/other/اباما.png,اباما
data/raw/other/ابراھیم.png,ابراھیم
data/raw/other/ابولش.png,ابولش
data/raw/other/ابھارنا.png,ابھارنا
data/raw/other/ابھنیو.png,ابھنیو
data/raw/other/ابھیمان.png,ابھیمان
data/raw/other/ابیدال.png,ابیدال
data/raw/other/ابیھا.png,ابیھا
data/raw/other/اتم.png,اتم
data/raw/other/اتھاہ.png,اتھاہ
data/raw/other/اثراث.png,اثراث
data/raw/other/اثرپڑے.png,اثرپڑے
data/raw/other/اثنانیب.png,اثنانیب
data/raw/other/اجتماع.png,اجتماع
data/raw/other/اجرام.png,اجرام
data/raw/other/اجمال.png,اجمال
data/raw/other/اجمعین.png,اجمعین
data/raw/other/اجپوت.png,اجپوت
data/raw/other/اجڑ.png,اجڑ
data/raw/other/اجینا.png,اجینا
data/raw/other/احتجا.png,احتجا
data/raw/other/احسنو.png,احسنو
data/raw/other/احمدبخش.png,احمدبخش
data/raw/other/احمدیوں.png,احمدیوں
data/raw/other/اخترخان.png,اخترخان
data/raw/other/اخترزیب.png,اخترزیب
data/raw/other/اختروہ.png,اختروہ
data/raw/other/اخرانوٹ.png,اخرانوٹ
data/raw/other/ادرن.png,ادرن
data/raw/other/ادو.png,ادو
data/raw/other/ادوانی.png,ادوانی
data/raw/other/آبادپر.png,آبادپر
data/raw/other/آبادکو.png,آبادکو
data/raw/other/آبادیات.png,آبادیات
data/raw/other/آبادیوں.png,آبادیوں
data/raw/other/آبجیکشن.png,آبجیکشن
data/raw/other/آبر.png,آبر
data/raw/other/آبلہ.png,آبلہ
data/raw/other/آبلے.png,آبلے
data/raw/other/آتشزد.png,آتشزد
data/raw/other/آتمچند.png,آتمچند
data/raw/other/آرڈرز.png,آرڈرز
data/raw/other/آساں.png,آساں
data/raw/other/آئس_لینڈ.png,آئس_لینڈ
data/raw/other/آئے.png,آئے
data/raw/other/آپریٹو.png,آپریٹو
data/raw/other/آڈھا.png,آڈھا
data/raw/other/آڈیٹ.png,آڈیٹ
data/raw/other/آیئے.png,آیئے
data/raw/books/ab mujhyzindagi sy koi shiqayat ni.png,اب مجھے زندگی سے کوئی شکایت نہیں
data/raw/books/apny gunnah nzr ana bhi ek imtehan hai.png,اپنے گناہ نظر آنا بھی ایک امتحان ہے
data/raw/books/book1.png,بے حد سادہ لہجے میں کہا۔
data/raw/books/book2.png,خواہش کی وجہ
data/raw/books/book3.png,کیونکہ اللہ تعالیٰ ہر اس چیز سے بڑا ہے جس سے ہم ڈرتے ہیں
data/raw/books/gari ka horn sunai dia.png,گاڑی کا ہارن سنائی دیا
data/raw/books/insaan qabil e etibaar ni hoty.png,انسان قابلِ اعتبار نہیں ہوتے
data/raw/books/izat enafs sy upr koi chez ni hoti.png,عزتِ نفس سے اوپر کوئی شے نہیں ہوتی
data/raw/books/mai kuch bhi zaya nhi kr rha hu.png,میں کچھ بھی ضائع نہیں کر رہا ہوں
data/raw/books/phr usy bhuul jao.png,پھر اسے بھول جاؤ
data/raw/books/usy dekhna mushkil higia.png,اسے دیکھنا مشکل ہوگیا
data/raw/books/wo khamoshi sy dekhti rhi.png,وہ خاموشی سے دیکھتی رہی
data/raw/books/wo phir sy ro dyny ko thi.png,وہ پھر سے رو دینے کو تھی
data/raw/books/zindagi niyat or irady ka khel h.png,زندگی نیت اور ارادے کا کھیل ہے
data/raw/signboards/agy rasta bnd hai.jpg,آگے راستہ بند ہے
data/raw/signboards/ch lehnga saree house.jpg,چودھری لہنگا ساڑھی ہاؤس
data/raw/signboards/phuul torna mna hai.jpg,پھول توڑنا منع ہے
data/raw/signboards/railway phatak.jpg,ریلوے فاٹک
data/raw/signboards/shehzad general store.png,شہزاد جنرل اسٹور
data/raw/signboards/upar jana mna hai.jpg,اوپر جانا منع ہے
data/raw/synthetic/synthetic_001.png,پاکستان زندہ باد
data/raw/synthetic/synthetic_002.png,آج کا موسم خوشگوار ہے
data/raw/synthetic/synthetic_003.png,تعلیم ہر انسان کا حق ہے
data/raw/synthetic/synthetic_004.png,کراچی پاکستان کا سب سے بڑا شہر ہے
data/raw/synthetic/synthetic_005.png,محنت کامیابی کی کنجی ہے
data/raw/synthetic/synthetic_006.png,علم انسان کی سب سے بڑی دولت ہے
data/raw/synthetic/synthetic_007.png,پانی زندگی کے لیے ضروری ہے
data/raw/synthetic/synthetic_008.png,کتاب انسان کی بہترین دوست ہے
data/raw/synthetic/synthetic_009.png,وقت کی قدر کرنی چاہیے
data/raw/synthetic/synthetic_010.png,صحت ہزار نعمت ہے
data/raw/synthetic/synthetic_011.png,سچائی ہمیشہ کامیاب ہوتی ہے
data/raw/synthetic/synthetic_012.png,محبت سے دل جیتے جاتے ہیں
data/raw/synthetic/synthetic_013.png,خوشی بانٹنے سے بڑھتی ہے
data/raw/synthetic/synthetic_014.png,دوستی ایک انمول رشتہ ہے
data/raw/synthetic/synthetic_015.png,امن دنیا کی سب سے بڑی ضرورت ہے
data/raw/synthetic/synthetic_016.png,درخت ہمیں آکسیجن دیتے ہیں
data/raw/synthetic/synthetic_017.png,بارش کے بعد موسم خوشگوار ہو جاتا ہے
data/raw/synthetic/synthetic_018.png,بچے ملک کا مستقبل ہیں
data/raw/synthetic/synthetic_019.png,استاد قوم کے معمار ہوتے ہیں
data/raw/synthetic/synthetic_020.png,صبر کا پھل میٹھا ہوتا ہے
data/raw/synthetic/synthetic_031.png,زندگی ایک سفر ہے
data/raw/synthetic/synthetic_032.png,خواب دیکھنا آسان ہے، پورا کرنا مشکل
data/raw/synthetic/synthetic_033.png,قوم کی تعمیر تعلیم سے ہوتی ہے
data/raw/synthetic/synthetic_034.png,دریا کا پانی صاف اور ٹھنڈا ہے
data/raw/synthetic/synthetic_035.png,بازار میں بہت رش تھا
data/raw/synthetic/synthetic_036.png,کھیل انسان کی صحت کے لیے اچھے ہیں
data/raw/synthetic/synthetic_037.png,شہر کی رات بہت روشن تھی
data/raw/synthetic/synthetic_038.png,کسان صبح سویرے کھیت جاتا ہے
data/raw/synthetic/synthetic_039.png,موسیقی دل کو سکون دیتی ہے
data/raw/synthetic/synthetic_040.png,پہاڑوں کا نظارہ دلکش تھا
data/raw/synthetic/synthetic_041.png,مہمان نوازی ہماری ثقافت کا حصہ ہے
data/raw/synthetic/synthetic_042.png,کتابیں علم کا خزانہ ہیں
data/raw/synthetic/synthetic_043.png,بچوں کی تربیت والدین کی ذمہ داری ہے
data/raw/synthetic/synthetic_044.png,سردیوں میں دھوپ اچھی لگتی ہے
data/raw/synthetic/synthetic_045.png,انصاف سب کے لیے برابر ہونا چاہیے
data/raw/synthetic/synthetic_046.png,محنتی لوگ ہمیشہ کامیاب ہوتے ہیں
data/raw/synthetic/synthetic_047.png,دوستی میں خلوص ہونا چاہیے
data/raw/synthetic/synthetic_048.png,وقت پر کام کرنا عادت بنائیں
data/raw/synthetic/synthetic_049.png,ماں کی دعا سب سے بڑی نعمت ہے
data/raw/synthetic/synthetic_050.png,علم حاصل کرنے کی کوئی عمر نہیں ہوتی
data/raw/synthetic/synthetic_051.png,بہار کا موسم سب کو پسند ہے
data/raw/synthetic/synthetic_052.png,صفائی نصف ایمان ہے
data/raw/synthetic/synthetic_053.png,غریبوں کی مدد کرنی چاہیے
data/raw/synthetic/synthetic_054.png,استقامت کامیابی کی کنجی ہے
data/raw/synthetic/synthetic_055.png,پرندے آسمان میں اڑ رہے تھے
data/raw/synthetic/synthetic_056.png,سچ بولنا ہمیشہ بہتر ہوتا ہے
data/raw/synthetic/synthetic_057.png,نیکی کا صلہ ضرور ملتا ہے
data/raw/synthetic/synthetic_058.png,ہر مشکل کا حل موجود ہوتا ہے
data/raw/synthetic/synthetic_059.png,خوش رہنا ایک انتخاب ہے
data/raw/synthetic/synthetic_060.png,کامیابی کے لیے صبر ضروری ہے
data/raw/synthetic/synthetic_061.png,علم روشنی ہے اور جہالت اندھیرا
data/raw/synthetic/synthetic_062.png,پھول خوشبو دیتے ہیں
data/raw/synthetic/synthetic_063.png,سورج مشرق سے طلوع ہوتا ہے
data/raw/synthetic/synthetic_064.png,چاند رات کو روشنی دیتا ہے
data/raw/synthetic/synthetic_065.png,بادل آسمان پر چھائے ہوئے تھے
data/raw/synthetic/synthetic_066.png,ندی کا بہاؤ تیز تھا
data/raw/synthetic/synthetic_067.png,جنگل میں بہت درخت تھے
data/raw/synthetic/synthetic_068.png,پہاڑ بہت اونچے تھے
data/raw/synthetic/synthetic_069.png,سمندر کی لہریں اونچی تھیں
data/raw/synthetic/synthetic_070.png,ہوا ٹھنڈی اور خوشگوار تھی
data/raw/synthetic/synthetic_071.png,برف باری شروع ہو گئی
data/raw/synthetic/synthetic_072.png,مکان کی چھت پکی تھی
data/raw/synthetic/synthetic_073.png,دروازہ لکڑی کا بنا تھا
data/raw/synthetic/synthetic_074.png,کھڑکی سے روشنی آ رہی تھی
data/raw/synthetic/synthetic_075.png,باغ میں رنگ برنگے پھول تھے
data/raw/synthetic/synthetic_076.png,پرندے صبح گاتے ہیں
data/raw/synthetic/synthetic_077.png,مچھلیاں پانی میں تیرتی ہیں
data/raw/synthetic/synthetic_078.png,بلی چھت پر بیٹھی تھی
data/raw/synthetic/synthetic_079.png,کتا گھر کی رکھوالی کرتا ہے
data/raw/synthetic/synthetic_080.png,گھوڑا میدان میں دوڑ رہا تھا
data/raw/other/ءاس.png,ءاس
data/raw/other/ءاسلام.png,ءاسلام
data/raw/other/ءالحق.png,ءالحق
data/raw/other/ءالدین.png,ءالدین
data/raw/other/ءمیر.png,ءمیر
data/raw/other/ءمیں.png,ءمیں
data/raw/other/ءمےں.png,ءمےں
data/raw/other/ءنافذ.png,ءنافذ
data/raw/other/ءنے.png,ءنے
data/raw/other/ءو.png,ءو
data/raw/other/ءوالی.png,ءوالی
data/raw/other/ءوعدوں.png,ءوعدوں
data/raw/other/ءوفاقی.png,ءوفاقی
data/raw/other/ءہی.png,ءہی
data/raw/other/ءیونینز.png,ءیونینز
data/raw/other/اجتحاج.png,اجتحاج
data/raw/other/اجنا.png,اجنا
data/raw/other/اجناس.png,اجناس
data/raw/other/اجنالہ.png,اجنالہ
data/raw/other/اجنب.png,اجنب
data/raw/other/اجنبی.png,اجنبی
data/raw/other/اجنبیت.png,اجنبیت
data/raw/other/اجنبیوں.png,اجنبیوں
data/raw/other/اجنتا.png,اجنتا
data/raw/other/اجنتاب.png,اجنتاب
data/raw/other/اجنسی.png,اجنسی
data/raw/other/اجنکا.png,اجنکا
data/raw/other/اجنکیا.png,اجنکیا
data/raw/other/اجنکیے.png,اجنکیے
data/raw/other/اجو.png,اجو
data/raw/other/اجود.png,اجود
data/raw/other/اجودھیا.png,اجودھیا
data/raw/other/اجول.png,اجول
data/raw/other/اجون.png,اجون
data/raw/other/اجوکا.png,اجوکا
data/raw/other/آؤ.png,آؤ
data/raw/other/آؤلی.png,آؤلی
data/raw/other/آؤلیاں.png,آؤلیاں
data/raw/other/آؤلے.png,آؤلے
data/raw/other/آئی.png,آئی
data/raw/other/آئیزومر.png,آئیزومر
data/raw/other/آئیسنگ.png,آئیسنگ
data/raw/other/آئینہ.png,آئینہ
data/raw/other/آئینہ_بیں.png,آئینہ_بیں
data/raw/other/آئینہ_دار.png,آئینہ_دار
data/raw/other/آئینی.png,آئینی
data/raw/other/آئینیات.png,آئینیات
data/raw/other/آئیڈیا.png,آئیڈیا
data/raw/other/آئیگی.png,آئیگی
data/raw/other/آئےتن.png,آئےتن
